id,correct_answer,cot_original_extracted,cot_lexical_extracted,cot_syntactic_extracted,cot_contextual_extracted,average_accuracy
1,12,12,12,12,12,1.0
2,40,40,40,40,40,1.0
3,160,160,160,160,160,1.0
4,245,245,245,245,245,1.0
5,14,14,14,14,14,1.0
6,130,130,130,130,130,1.0
7,3982,,,,,0.0
8,30,30,30,30,30,1.0
9,25,25,25,25,25,1.0
10,584,584,584,584,584,1.0
11,9,9,9,9,9,1.0
12,9,9,9,9,9,1.0
13,450,450,450,450,450,1.0
14,7,7,7,7,7,1.0
15,25,25,25,25,25,1.0
16,260,260,260,260,260,1.0
17,4,4,4,4,4,1.0
18,360,360,360,360,360,1.0
19,100,100,100,100,100,1.0
20,5,5,5,5,5,1.0
21,10,10,10,10,10,1.0
22,4,4,4,4,4,1.0
23,16,16,16,16,16,1.0
24,75,75,75,75,75,1.0
25,96,96,96,96,96,1.0
26,700,700,700,700,700,1.0
27,1,1,1,1,1,1.0
28,24,24,24,24,24,1.0
29,2,2,2,2,2,1.0
30,8,8,8,8,8,1.0
31,5950,5950,5950,5950,5950,1.0
32,9,9,9,9,9,1.0
33,65,65,65,65,65,1.0
34,3,3,3,3,3,1.0
35,216,216,216,216,216,1.0
36,1500,500,,,200,0.0
37,30,30,30,30,30,1.0
38,300,300,300,300,300,1.0
39,36,36,36,36,36,1.0
40,10,10,10,10,10,1.0
41,20,20,20,20,20,1.0
42,26,26,26,26,26,1.0
43,10,10,10,10,10,1.0
44,600,600,600,600,600,1.0
45,407,407,407,407,407,1.0
46,3,3,3,3,3,1.0
47,6,,,6,,0.25
48,9,9,9,9,9,1.0
49,20,20,20,20,20,1.0
50,1500,1500,1500,1500,1500,1.0
51,5,5,5,6,5,0.75
52,8798,8798,8798,8798,8798,1.0
53,920,920,920,920,920,1.0
54,23,23,23,23,23,1.0
55,6,6,6,6,6,1.0
56,322,322,322,322,322,1.0
57,15,15,15,15,15,1.0
58,50,50,50,50,50,1.0
59,1440,1440,1440,1440,1440,1.0
60,36,36,36,36,36,1.0
61,66,,,,,0.0
62,6000,6000,6000,6000,6000,1.0
63,34,34,34,34,48,0.75
64,20000,20000,20000,20000,20000,1.0
65,19,19,19,19,19,1.0
66,240,240,,180,,0.25
67,264,264,264,264,264,1.0
68,72,72,72,72,72,1.0
69,135,,,120,,0.0
70,17,17,17,17,17,1.0
71,198,198,198,198,198,1.0
72,3400,3400,3400,3400,3400,1.0
73,15,15,15,15,15,1.0
74,67,67,67,67,67,1.0
75,226,226,175,175,175,0.25
76,175,175,175,175,175,1.0
77,38000,38000,38000,38000,38000,1.0
78,100,100,100,100,100,1.0
79,25,25,25,25,25,1.0
80,20,20,20,20,20,1.0
81,81,81,81,81,81,1.0
82,1085,1085,1085,1085,1085,1.0
83,5,5,5,5,5,1.0
84,200,200,200,200,200,1.0
85,16,16,16,16,16,1.0
86,5,5,5,5,5,1.0
87,12,12,12,12,12,1.0
88,40,40,40,40,40,1.0
89,600,600,600,600,600,1.0
90,5,5,5,,5,0.75
91,11,11,11,11,11,1.0
92,3214,3214,3214,3214,3714,0.75
93,16,16,16,7,16,0.75
94,180,180,180,180,180,1.0
95,16,16,16,16,16,1.0
96,22,22,22,22,22,1.0
97,700,700,700,700,700,1.0
98,6240,6240,6240,6240,6240,1.0
99,404,404,404,404,404,1.0
100,3,3,4.5,3,3,0.75
101,2,2,2,2,2,1.0
102,2,2,2,2,2,1.0
103,184,68.8,184,184,184,0.75
104,2,2,2,2,2,1.0
105,12,12,12,12,12,1.0
106,8,8,8,8,8,1.0
107,270,270,270,270,,0.75
108,3,3,3,3,3,1.0
109,12,12,12,12,12,1.0
110,4,4,4,4,4,1.0
111,56,56,40,56,,0.5
112,118,118,118,116,118,0.75
113,21,21,21,21,21,1.0
114,70,70,70,70,70,1.0
115,44,44,44,44,28,0.75
116,48,48,48,18,48,0.75
117,50,50,50,50,50,1.0
118,2,2,2,2,2,1.0
119,50,50,50,50,50,1.0
120,53,53,53,53,53,1.0
121,1000,1000,1000,1000,1000,1.0
122,1685,1685,1685,1685,1685,1.0
123,40,55,55,,55,0.0
124,11,11,11,11,11,1.0
125,66,66,57,57,57,0.25
126,60,60,60,60,60,1.0
127,69000,69000,69000,69000,69000,1.0
128,3,3,3,3,3,1.0
129,19,19,19,19,19,1.0
130,20,20,20,40,20,0.75
131,245,245,245,245,245,1.0
132,2412,2412,2412,1152,2412,0.75
133,76,76,76,76,76,1.0
134,74,74,74,74,74,1.0
135,300,300,300,300,300,1.0
136,6,6,6,6,6,1.0
137,8,8,8,8,8,1.0
138,24,24,24,24,24,1.0
139,1350,1350,1350,1350,1350,1.0
140,31250,31250,31250,31250,31250,1.0
141,15,15,15,15,15,1.0
142,8,8,8,8,8,1.0
143,300,300,300,300,,0.75
144,60,60,60,60,60,1.0
145,1500,1500,1500,1500,1500,1.0
146,7,7,7,7,,0.75
147,3,3,3,3,3,1.0
148,240,240,240,240,240,1.0
149,120,120,120,120,120,1.0
150,660,,,,,0.0
151,20,20,20,20,20,1.0
152,14,14,14,14,14,1.0
153,132,132,132,132,132,1.0
154,355,355,355,355,355,1.0
155,84,84,84,84,84,1.0
156,12,12,12,12,12,1.0
157,770,770,770,770,770,1.0
158,40,40,40,40,40,1.0
159,10,,,,,0.0
160,7,7,7,7,7,1.0
161,5,5,5,5,5,1.0
162,132000,132000,132000,132000,132000,1.0
163,900,900,900,900,900,1.0
164,15,15,15,15,15,1.0
165,40000,40000,40000,40000,40000,1.0
166,7,7,,5.8,,0.25
167,6,6,6,6,6,1.0
168,35,35,35,35,35,1.0
169,9,9,9,9,9,1.0
170,12,12,12,30,12,0.75
171,6,6,6,6,6,1.0
172,2000,2000,2000,2000,,0.75
173,60,60,60,60,60,1.0
174,936,936,936,936,936,1.0
175,80,80,80,80,80,1.0
176,3,3,3,3,3,1.0
177,26,26,26,26,36,0.75
178,140,140,140,140,140,1.0
179,15,15,15,15,15,1.0
180,315,315,315,315,315,1.0
181,4,4,4,4,4,1.0
182,6,6,6,6,6,1.0
183,78400,78400,78400,1960,78400,0.75
184,240,240,240,240,240,1.0
185,60,60,60,60,60,1.0
186,33,33,33,33,33,1.0
187,39,39,39,39,39,1.0
188,2,2,2,2,2,1.0
189,94,94,94,94,94,1.0
190,45,45,45,45,45,1.0
191,1316,1316,1316,1316,1316,1.0
192,6,6,6,6,6,1.0
193,6284,6284,6284,6284,6284,1.0
194,200,200,200,200,200,1.0
195,5,5,5,5,5,1.0
196,80,80,80,80,80,1.0
197,180,180,180,180,180,1.0
198,17,17,17,17,17,1.0
199,600,600,600,600,600,1.0
200,25,25,25,25,25,1.0
201,350,350,350,350,350,1.0
202,400,400,400,400,400,1.0
203,270,270,270,270,270,1.0
204,24,24,24,24,24,1.0
205,16,16,16,16,16,1.0
206,12,12,12,12,12,1.0
207,6,8,8,8,8,0.0
208,100,100,100,100,100,1.0
209,17,17,,,17,0.5
210,130,130,130,130,130,1.0
211,1979,1979,1979,1979,1979,1.0
212,305,305,305,305,,0.75
213,40,40,40,40,40,1.0
214,50,50,50,50,,0.75
215,20,20,20,20,20,1.0
216,58,58,58,58,58,1.0
217,30,30,30,30,30,1.0
218,320,320,320,320,320,1.0
219,8,8,8,8,13,0.75
220,24,24,24,24,24,1.0
221,12,12,12,12,12,1.0
222,5,5,5,5,5,1.0
223,2,2,2,2,2,1.0
224,5,5,5,5,5,1.0
225,624,624,312,312,312,0.25
226,136,136,136,136,136,1.0
227,50,50,50,50,50,1.0
228,112,112,112,112,112,1.0
229,27,27,27,27,27,1.0
230,220,220,220,220,220,1.0
231,10,10,10,10,10,1.0
232,56,56,56,56,56,1.0
233,180,175,180,180,180,0.75
234,12,12,12,12,12,1.0
235,10,10,10,1,10,0.75
236,8,8,8,8,8,1.0
237,6,12,12,12,12,0.0
238,20,20,20,20,20,1.0
239,110,110,110,110,110,1.0
240,4500,4500,4500,4500,4500,1.0
241,10,10,10,10,10,1.0
242,266,266,266,266,266,1.0
243,104,104,104,104,104,1.0
244,9,9,9,9,9,1.0
245,1280,1280,1280,1280,1280,1.0
246,5,5,5,5,5,1.0
247,16,16,16,16,16,1.0
248,57,57,57,57,57,1.0
249,84,84,84,84,84,1.0
250,7,7,7,7,7,1.0
251,295,295,295,295,295,1.0
252,21,21,21,21,21,1.0
253,32,32,32,32,32,1.0
254,42000,42000,42000,42000,42000,1.0
255,3,3,3,3,3,1.0
256,4,4,4,4,4,1.0
257,43,43,43,42.86,42.86,0.5
258,468,468,468,468,468,1.0
259,11,11,11,356,11,0.75
260,53,53,53,53,53,1.0
261,12,12,12,12,12,1.0
262,8900,8900,8900,8900,8900,1.0
263,93,93,93,93,,0.75
264,83,83,83,83,83,1.0
265,88,88,88,88,88,1.0
266,800,800,800,800,800,1.0
267,16,16,16,16,16,1.0
268,55,55,55,55,55,1.0
269,240,240,240,240,240,1.0
270,5,5,5,5,5,1.0
271,30,10,10,10,10,0.0
272,5,5,5,5,5,1.0
273,3,3,3,3,6,0.75
274,200,200,200,200,200,1.0
275,72000,72000,72000,72000,72000,1.0
276,90,90,90,90,90,1.0
277,4,4,4,4,4,1.0
278,234,234,234,234,234,1.0
279,4,4,4,4,4,1.0
280,75,75,75,75,75,1.0
281,11,11,11,11,11,1.0
282,70,70,70,70,70,1.0
283,700,700,700,700,700,1.0
284,70,70,70,,70,0.75
285,48,48,48,48,48,1.0
286,320,320,320,320,320,1.0
287,20,20,20,20,,0.75
288,42,,42,,,0.25
289,3000,3000,3000,3000,3000,1.0
290,100,100,100,100,100,1.0
291,1,1,1,1,1,1.0
292,16000,16000,16000,16000,16000,1.0
293,170,170,170,170,170,1.0
294,79,79,79,79,79,1.0
295,35,35,35,35,35,1.0
296,33,33,33,33,33,1.0
297,100,100,100,100,,0.75
298,35,35,35,35,35,1.0
299,12,12,12,12,12,1.0
300,36,36,36,36,36,1.0
301,250,250,250,250,250,1.0
302,28,28,28,28,28,1.0
303,5,4,5,,4,0.25
304,3285,3285,3285,3285,3285,1.0
305,3600,3600,3600,3600,3600,1.0
306,300,300,300,300,,0.75
307,28,28,28,28,28,1.0
308,25,25,25,25,25,1.0
309,55,55,579,135,,0.25
310,2000,2000,2000,2000,2000,1.0
311,19,19,19,16,16,0.5
312,640,640,640,640,640,1.0
313,200,200,200,200,200,1.0
314,7200,7200,7200,7200,7200,1.0
315,4,400,400,400,4,0.25
316,220,220,220,220,220,1.0
317,90,90,90,90,90,1.0
318,200,200,200,200,200,1.0
319,25,25,,25,,0.5
320,4,4,4,4,,0.75
321,60,60,60,60,60,1.0
322,1124,1124,1124,1124,1124,1.0
323,23,23,23,23,23,1.0
324,95,95,95,95,95,1.0
325,19,19,19,19,19,1.0
326,27,27,27,27,27,1.0
327,13,13,13,13,13,1.0
328,4,4,4,4,,0.75
329,8,8,8,8,8,1.0
330,165,165,165,165,165,1.0
331,600,600,600,600,600,1.0
332,61,61,61,61,61,1.0
333,72,72,72,72,72,1.0
334,28,,28,28,28,0.75
335,15,15,15,15,15,1.0
336,36,36,36,36,36,1.0
337,3,3,3,3,3,1.0
338,2,2,2,2,2,1.0
339,10,10,10,10,10,1.0
340,1100,1100,1100,1100,1100,1.0
341,300,300,300,300,300,1.0
342,15,15,15,15,15,1.0
343,10,10,10,10,10,1.0
344,33,33,33,33,33,1.0
345,300,300,,,300,0.5
346,1000,1000,1000,1000,1000,1.0
347,18,18,15,18,36,0.5
348,820,820,820,820,680,0.75
349,1008,1008,1008,1008,1008,1.0
350,40,39,39,39,39,0.0
351,144,144,144,144,144,1.0
352,720,720,720,720,720,1.0
353,2600,2600,2600,2600,2600,1.0
354,21,21,21,21,21,1.0
355,750,750,750,750,750,1.0
356,15,15,15,15,15,1.0
357,560,840,840,840,840,0.0
358,4,4,4,4,4,1.0
359,720,720,720,720,720,1.0
360,5,5,5,5,5,1.0
361,14,14,14,14,14,1.0
362,6,6,6,6,,0.75
363,4,4,4,4,4,1.0
364,250,250,250,250,200,0.75
365,85,85,85,85,85,1.0
366,7,7,7,7,7,1.0
367,57,47,47,57,25,0.25
368,10,10,10,10,10,1.0
369,23,23,23,23,43,0.75
370,7,7,7,7,7,1.0
371,900,3600,3600,3600,3600,0.0
372,259200,259200,259200,259200,259200,1.0
373,50,50,50,50,50,1.0
374,30,30,30,240,30,0.75
375,43,43,43,43,43,1.0
376,52,52,52,26,26,0.5
377,50,50,50,50,50,1.0
378,13,13,13,13,13,1.0
379,580,580,580,580,580,1.0
380,44,44,44,44,44,1.0
381,50,50,50,50,50,1.0
382,41,41,41,41,41,1.0
383,60,60,60,60,60,1.0
384,6000,6000,6000,6000,6000,1.0
385,650,650,650,650,650,1.0
386,41,41,41,41,41,1.0
387,7,7,7,7,7,1.0
388,15,15,15,15,15,1.0
389,288,288,288,288,288,1.0
390,5,5,5,5,5,1.0
391,46,46,46,46,46,1.0
392,179,179,179,179,179,1.0
393,195,195,195,195,195,1.0
394,9,9,9,9,9,1.0
395,5,5,5,5,5,1.0
396,11,11,11,11,11,1.0
397,22,22,22,22,22,1.0
398,2934,2934,2934,2934,2934,1.0
399,48,48,48,48,48,1.0
400,9,9,9,9,9,1.0
401,504,504,504,504,504,1.0
402,5,5,5,5,5,1.0
403,24,24,24,24,24,1.0
404,300,300,300,300,300,1.0
405,5500,5500,5500,5500,5500,1.0
406,202,202,202,202,202,1.0
407,720,720,720,720,720,1.0
408,1450,1450,1450,1450,1450,1.0
409,5,9,5,5,5,0.75
410,100,100,100,100,100,1.0
411,75,75,75,75,75,1.0
412,3,3,3,3,3,1.0
413,9,9,9,9,9,1.0
414,12,12,12,12,12,1.0
415,45,45,45,45,45,1.0
416,134400,134400,134400,134400,134400,1.0
417,4625,4625,4625,4625,4625,1.0
418,2900,2900,2900,2900,2900,1.0
419,20,20,20,20,20,1.0
420,36,36,36,36,36,1.0
421,134,134,134,134,134,1.0
422,7,7,7,7,7,1.0
423,25,25,25,25,25,1.0
424,310,310,310,310,310,1.0
425,70,70,70,70,70,1.0
426,5122,5122,5122,5122,5122,1.0
427,91,91,91,91,91,1.0
428,30,30,30,30,30,1.0
429,96,96,96,96,96,1.0
430,370,370,370,370,370,1.0
431,114,114,114,114,114,1.0
432,1,1,1,1,1,1.0
433,60,60,60,60,60,1.0
434,240,240,240,240,240,1.0
435,48,48,48,48,48,1.0
436,75,75,75,75,75,1.0
437,8,8,8,8,8,1.0
438,50,50,50,50,50,1.0
439,40,40,40,40,40,1.0
440,30,30,30,30,30,1.0
441,15600,15600,15600,15600,15600,1.0
442,140,140,140,140,140,1.0
443,65,65,65,65,65,1.0
444,1600,1600,1600,1600,1600,1.0
445,6,6,6,6,6,1.0
446,50,50,50,50,50,1.0
447,16,16,16,16,16,1.0
448,70,70,70,70,70,1.0
449,210,210,210,210,210,1.0
450,30,30,30,30,30,1.0
451,768,768,768,768,768,1.0
452,420,420,420,420,420,1.0
453,40,40,40,40,40,1.0
454,5,5,25,5,5,0.75
455,50,50,50,50,50,1.0
456,18,18,18,18,18,1.0
457,200,200,200,200,200,1.0
458,1680000,1680000,1680000,1680000,1680000,1.0
459,18,18,18,18,18,1.0
460,14,11,11,11,11,0.0
461,60,60,60,60,60,1.0
462,14,14,14,14,34,0.75
463,6,6,6,6,6,1.0
464,20,20,20,20,20,1.0
465,18,18,18,18,18,1.0
466,81,81,81,81,81,1.0
467,10,10,10,10,10,1.0
468,484,484,484,,484,0.75
469,6,6,6,6,6,1.0
470,50,50,50,50,50,1.0
471,360,360,,,360,0.5
472,673,673,673,673,673,1.0
473,32,32,32,32,32,1.0
474,100,100,100,100,100,1.0
475,2250,2250,,2250,1750,0.5
476,225,225,225,225,225,1.0
477,840,840,840,840,840,1.0
478,110,110,110,110,110,1.0
479,324,324,324,324,324,1.0
480,113,113,113,113,113,1.0
481,20,20,20,20,20,1.0
482,274,274,274,274,274,1.0
483,24,24,24,24,24,1.0
484,39,39,39,38,39,0.75
485,44,44,44,44,44,1.0
486,120,120,120,120,120,1.0
487,100,,,100,,0.25
488,10,10,30,,,0.25
489,1,50,50,50,50,0.0
490,3,3,3,3,3,1.0
491,11,11,11,11,11,1.0
492,96,96,96,96,96,1.0
493,200,200,200,200,200,1.0
494,7,7,7,7,7,1.0
495,9,9,9,9,9,1.0
496,20,20,20,20,20,1.0
497,6,6,6,6,6,1.0
498,1,1,1,1,1,1.0
499,5500,5500,5000,5000,5000,0.25
500,9,9,9,9,9,1.0
