id,correct_answer,cot_original_extracted,cot_lexical_extracted,cot_syntactic_extracted,cot_contextual_extracted,average_accuracy
432,1,1,1,1,1,1.0
74,67,67,67,67,67,1.0
117,50,50.00,50.00,50.0,50.00,1.0
294,79,79,79,79.00,79,1.0
169,9,9,9,9,9,1.0
452,420,420,420,420,420,1.0
234,12,12.0,12.0,12,12,1.0
19,100,100,100,100,100,1.0
13,450,450,450,450,450,1.0
114,70,70.0,70.0,70.0,70.0,1.0
89,600,600,600,600,600,1.0
133,76,76,19,76,76,0.75
28,24,24,24,24,24,1.0
191,1316,1316,1316,1316,1316,1.0
194,200,200,200,200,200,1.0
337,3,3,3,3,3,1.0
351,144,144,144,144,144,1.0
268,55,55,55,55,55,1.0
15,25,25.00,25.00,25.00,25.00,1.0
236,8,8,8,8,8,1.0
404,300,300,300,300,300,1.0
64,20000,20000,20000,20000,20000,1.0
220,24,24,24,24,24,1.0
341,300,300,300,300,300,1.0
39,36,36,36,36,36,1.0
43,10,10,10,10,10,1.0
81,81,81,81,81,81,1.0
421,134,134,134,134,134,1.0
58,50,50,50,50,50,1.0
8,30,30.0,30.00,30.0,30,1.0
491,11,11,11,11,11,1.0
153,132,132,132,132,132,1.0
10,584,584,584,584,397,0.75
392,179,179.0,179.0,179,179,1.0
29,2,2,2,2.0,2,1.0
451,768,768,768,768,768,1.0
138,24,24,24,24,24,1.0
40,10,10,10,10,10,1.0
24,75,37.5,75,83.34,75,0.5
429,96,96,96,96,96,1.0
333,72,72,72,72,72,1.0
345,300,300,300,300,30,0.75
391,46,46.0,46,46,46.0,1.0
497,6,6,6,6,6,1.0
327,13,13,13,13,13,1.0
187,39,39,39,39,39,1.0
180,315,315,315,315,315,1.0
3,160,26.67,160,160,160,0.75
267,16,16,16,6,16,0.75
407,720,720,720,720,720,1.0
247,16,16,16,40,16,0.75
102,2,2,2,2,2,1.0
272,5,5,5,5,5,1.0
208,100,100,100,100,100,1.0
233,180,180,180,180,180,1.0
205,16,16,16,16,16,1.0
320,4,6,4,4,4,0.75
185,60,60,60,60,60,1.0
293,170,170,170,170,170,1.0
377,50,50,50,50,50,1.0
479,324,324.00,108,324.00,216,0.5
373,50,50.0,50.0,50,50.0,1.0
139,1350,1350,1350,1350,1350,1.0
393,195,195,235,235,235,0.25
34,3,3,3,3,3,1.0
334,28,28,28,28,28,1.0
443,65,65,65,65,65,1.0
52,8798,8798.00,9798,10798,8798,0.5
163,900,900,900,900,900,1.0
307,28,28,28,28,28,1.0
137,8,8,13.33,8,8,0.75
84,200,200,200,200,200,1.0
406,202,202,202,202,202.00,1.0
244,9,9,9,9,9,1.0
459,18,18,18.0,18.0,18,1.0
255,3,3,3,3,3,1.0
410,100,100,100,100,100,1.0
175,80,80.0,80.0,80,80,1.0
295,35,35,35,35,35,1.0
5,14,14,14,14.0,14.0,1.0
411,75,75,75,75,75,1.0
412,3,3,3,3,3,1.0
243,104,104,104,104,104,1.0
475,2250,2250,2250,2250,1750,0.75
144,60,60,60,60,60,1.0
366,7,7,7,3.5,70,0.5
38,300,300.00,300,300.00,300.00,1.0
12,9,9,9,9,9,1.0
370,7,7,7,7,7,1.0
361,14,14,14,14,14,1.0
270,5,5,5,5,5,1.0
473,32,32,32,32,32,1.0
99,404,404,404,404,404,1.0
68,72,72,72,72,72,1.0
273,3,3,3,4,4,0.5
266,800,800,800,800,800,1.0
54,23,23,23,23,23,1.0
217,30,30,30,50.0,30.0,0.75
324,95,74.00,95,95,95.0,0.75
157,770,770,770,770.00,770.0,1.0
57,15,15,15,15,15,1.0
31,5950,900,4950,1950.00,4950,0.0
481,20,20,20,20,20,1.0
276,90,90,90,90,90,1.0
329,8,8,8,8,8,1.0
42,26,26,26,22,24,0.5
45,407,367,407,407,407,0.75
415,45,45,45,45,45,1.0
241,10,10,10,10.0,10.0,1.0
349,1008,504,1008,1008,1008,0.75
124,11,11,11,11.0,11,1.0
211,1979,1979,1979,1979,1979,1.0
97,700,700,700,700,700,1.0
413,9,9,9,9,9,1.0
316,220,220,220,220,220,1.0
35,216,216,126,216,216,0.75
467,10,10,10,10,10,1.0
437,8,8.00,8.00,8.00,8.00,1.0
379,580,-580.00,580.0,580,180,0.5
201,350,350,350,350,350,1.0
395,5,11,10,10,5,0.25
330,165,165.0,165.00,165.0,165.0,1.0
41,20,20,20,20,20,1.0
167,6,6,6,6,6,1.0
199,600,600,600,600,600,1.0
203,270,270,270,270,270,1.0
226,136,136,136,136,136,1.0
476,225,225,225,225,225,1.0
223,2,2.50,1.89,3,1.89,0.0
359,720,720,720,720.0,720.0,1.0
16,260,260,260,260.00,290,0.75
310,2000,2000,2000,2000,1990,0.75
346,1000,1000,1000,1000,1000,1.0
56,322,322,322,322,322,1.0
122,1685,1685,1685,1685,1685,1.0
356,15,15,15,15,15,1.0
94,180,180.0,180,180,180,1.0
73,15,15,15,15,11,0.75
132,2412,14472,2412,2412.00,1152.00,0.5
20,5,5,5,5,5,1.0
17,4,4,4,4,4,1.0
78,100,100,100,100.0,100.0,1.0
450,30,28,30,30,28,0.5
275,72000,72000,12000,72000,12000,0.5
313,200,200,50,90,100,0.25
290,100,500,500,100,625,0.25
188,2,2,2,2,2,1.0
301,250,125,125,250,250,0.5
461,60,60,60,60.0,60,1.0
318,200,200,200,200,200,1.0
435,48,36,12,48,48,0.5
264,83,83,83,83,83,1.0
465,18,18,18,10.00,18.0,0.75
79,25,25,23,25,25,0.75
232,56,56,56,56,56,1.0
227,50,15,150,37.5,150,0.0
140,31250,31250.00,6250.00,6250.00,31250,0.5
158,40,40,40,25,40,0.75
206,12,12,12,12,12,1.0
216,58,58,58,58,58,1.0
308,25,25,25,25,25,1.0
482,274,274,274,270,282,0.5
70,17,17,17,17.0,17.0,1.0
210,130,130,130,130,130,1.0
26,700,700,700,700,700,1.0
22,4,4,4,4,4,1.0
72,3400,3400,3400,3400.00,3400.00,1.0
242,266,266,266,266,266,1.0
354,21,21,21,24.5,21,0.75
457,200,200.00,200.00,5,200.00,0.75
108,3,3,3,3,3,1.0
105,12,12,12,12,12,1.0
427,91,91,91,91,91,1.0
76,175,175,175,175,175,1.0
381,50,50,50,0,20,0.5
253,32,32,32,32,32,1.0
90,5,5,5,6,5,0.75
312,640,640.00,896.00,640.0,640.0,0.75
14,7,7,7,7,7,1.0
62,6000,6000,6000,1000.00,6000,0.75
250,7,7,7,7,7,1.0
193,6284,6284,6284,6284,6284,1.0
67,264,48,264,48,264,0.5
364,250,250,250,250,250,1.0
269,240,120,240,240,240,0.75
498,1,1,1,1,1,1.0
86,5,30,5,5,0,0.5
496,20,20,20,20,20,1.0
426,5122,5122.00,5122.00,5122.00,5122,1.0
4,245,245,245,245,245,1.0
